{"v":"5.7.6","fr":60,"ip":0,"op":778,"w":1080,"h":1080,"nm":"Comp 2","ddd":0,"assets":[],"layers":[{"ddd":0,"ind":1,"ty":4,"nm":"Shape Layer 4","sr":1,"ks":{"o":{"a":1,"k":[{"i":{"x":[0.667],"y":[1]},"o":{"x":[0.333],"y":[0]},"t":0,"s":[0]},{"i":{"x":[0.667],"y":[1]},"o":{"x":[0.167],"y":[0]},"t":58,"s":[100]},{"i":{"x":[0.667],"y":[1]},"o":{"x":[0.167],"y":[0]},"t":737,"s":[100]},{"t":769,"s":[0]}],"ix":11},"r":{"a":1,"k":[{"i":{"x":[0.833],"y":[0.833]},"o":{"x":[0.167],"y":[0.167]},"t":0,"s":[0]},{"t":777,"s":[-1800]}],"ix":10},"p":{"a":0,"k":[540.558,541.116,0],"ix":2,"l":2},"a":{"a":0,"k":[-24,1010,0],"ix":1,"l":2},"s":{"a":1,"k":[{"i":{"x":[0.667,0.667,0.667],"y":[1,1,1]},"o":{"x":[0.333,0.333,0.333],"y":[0,0,0]},"t":0,"s":[12,12,100]},{"t":40,"s":[21,21,100]}],"ix":6,"l":2}},"ao":0,"shapes":[{"ty":"gr","it":[{"d":1,"ty":"el","s":{"a":0,"k":[516,338],"ix":2},"p":{"a":0,"k":[0,0],"ix":3},"nm":"Ellipse Path 1","mn":"ADBE Vector Shape - Ellipse","hd":false},{"ty":"st","c":{"a":0,"k":[1,1,1,1],"ix":3},"o":{"a":0,"k":100,"ix":4},"w":{"a":0,"k":0,"ix":5},"lc":1,"lj":1,"ml":4,"bm":0,"nm":"Stroke 1","mn":"ADBE Vector Graphic - Stroke","hd":false},{"ty":"fl","c":{"a":0,"k":[1,1,1,1],"ix":4},"o":{"a":0,"k":100,"ix":5},"r":1,"bm":0,"nm":"Fill 1","mn":"ADBE Vector Graphic - Fill","hd":false},{"ty":"tr","p":{"a":0,"k":[-26,-13],"ix":2},"a":{"a":0,"k":[0,0],"ix":1},"s":{"a":0,"k":[35.768,55.037],"ix":3},"r":{"a":0,"k":0,"ix":6},"o":{"a":0,"k":100,"ix":7},"sk":{"a":0,"k":0,"ix":4},"sa":{"a":0,"k":0,"ix":5},"nm":"Transform"}],"nm":"Ellipse 2","np":3,"cix":2,"bm":0,"ix":1,"mn":"ADBE Vector Group","hd":false}],"ip":0,"op":778,"st":0,"bm":0},{"ddd":0,"ind":2,"ty":4,"nm":"Shape Layer 3","sr":1,"ks":{"o":{"a":1,"k":[{"i":{"x":[0.667],"y":[1]},"o":{"x":[0.333],"y":[0]},"t":0,"s":[0]},{"i":{"x":[0.667],"y":[1]},"o":{"x":[0.167],"y":[0]},"t":58,"s":[100]},{"i":{"x":[0.667],"y":[1]},"o":{"x":[0.167],"y":[0]},"t":737,"s":[100]},{"t":769,"s":[0]}],"ix":11},"r":{"a":1,"k":[{"i":{"x":[0.833],"y":[0.833]},"o":{"x":[0.167],"y":[0.167]},"t":0,"s":[0]},{"t":777,"s":[-2160]}],"ix":10},"p":{"a":0,"k":[540.558,541.116,0],"ix":2,"l":2},"a":{"a":0,"k":[-24,698,0],"ix":1,"l":2},"s":{"a":1,"k":[{"i":{"x":[0.667,0.667,0.667],"y":[1,1,1]},"o":{"x":[0.333,0.333,0.333],"y":[0,0,0]},"t":0,"s":[12,12,100]},{"i":{"x":[0.667,0.667,0.667],"y":[1,1,1]},"o":{"x":[0.333,0.333,0.333],"y":[0,0,0]},"t":40,"s":[21,21,100]},{"i":{"x":[0.667,0.667,0.667],"y":[1,1,1]},"o":{"x":[0.167,0.167,0.167],"y":[0,0,0]},"t":718,"s":[21,21,100]},{"t":769,"s":[27,27,100]}],"ix":6,"l":2}},"ao":0,"shapes":[{"ty":"gr","it":[{"d":1,"ty":"el","s":{"a":0,"k":[516,338],"ix":2},"p":{"a":0,"k":[0,0],"ix":3},"nm":"Ellipse Path 1","mn":"ADBE Vector Shape - Ellipse","hd":false},{"ty":"st","c":{"a":0,"k":[1,1,1,1],"ix":3},"o":{"a":0,"k":100,"ix":4},"w":{"a":0,"k":0,"ix":5},"lc":1,"lj":1,"ml":4,"bm":0,"nm":"Stroke 1","mn":"ADBE Vector Graphic - Stroke","hd":false},{"ty":"fl","c":{"a":0,"k":[0.411764705882,0,1,1],"ix":4},"o":{"a":0,"k":100,"ix":5},"r":1,"bm":0,"nm":"Fill 1","mn":"ADBE Vector Graphic - Fill","hd":false},{"ty":"tr","p":{"a":0,"k":[-26,-13],"ix":2},"a":{"a":0,"k":[0,0],"ix":1},"s":{"a":0,"k":[35.768,55.037],"ix":3},"r":{"a":0,"k":0,"ix":6},"o":{"a":0,"k":100,"ix":7},"sk":{"a":0,"k":0,"ix":4},"sa":{"a":0,"k":0,"ix":5},"nm":"Transform"}],"nm":"Ellipse 2","np":3,"cix":2,"bm":0,"ix":1,"mn":"ADBE Vector Group","hd":false}],"ip":0,"op":778,"st":0,"bm":0},{"ddd":0,"ind":3,"ty":4,"nm":"Shape Layer 2","sr":1,"ks":{"o":{"a":1,"k":[{"i":{"x":[0.667],"y":[1]},"o":{"x":[0.333],"y":[0]},"t":0,"s":[0]},{"i":{"x":[0.667],"y":[1]},"o":{"x":[0.167],"y":[0]},"t":58,"s":[100]},{"i":{"x":[0.667],"y":[1]},"o":{"x":[0.167],"y":[0]},"t":737,"s":[100]},{"t":769,"s":[0]}],"ix":11},"r":{"a":1,"k":[{"i":{"x":[0.833],"y":[0.833]},"o":{"x":[0.167],"y":[0.167]},"t":0,"s":[0]},{"t":777,"s":[720]}],"ix":10},"p":{"a":0,"k":[540.558,541.116,0],"ix":2,"l":2},"a":{"a":0,"k":[-24,734,0],"ix":1,"l":2},"s":{"a":1,"k":[{"i":{"x":[0.667,0.667,0.667],"y":[1,1,1]},"o":{"x":[0.333,0.333,0.333],"y":[0,0,0]},"t":0,"s":[27,27,100]},{"i":{"x":[0.667,0.667,0.667],"y":[1,1,1]},"o":{"x":[0.333,0.333,0.333],"y":[0,0,0]},"t":40,"s":[35,35,100]},{"i":{"x":[0.667,0.667,0.667],"y":[1,1,1]},"o":{"x":[0.167,0.167,0.167],"y":[0,0,0]},"t":718.379,"s":[59,59,100]},{"t":769,"s":[27,27,100]}],"ix":6,"l":2}},"ao":0,"shapes":[{"ty":"gr","it":[{"d":1,"ty":"el","s":{"a":0,"k":[516,338],"ix":2},"p":{"a":0,"k":[0,0],"ix":3},"nm":"Ellipse Path 1","mn":"ADBE Vector Shape - Ellipse","hd":false},{"ty":"st","c":{"a":0,"k":[1,1,1,1],"ix":3},"o":{"a":0,"k":100,"ix":4},"w":{"a":0,"k":0,"ix":5},"lc":1,"lj":1,"ml":4,"bm":0,"nm":"Stroke 1","mn":"ADBE Vector Graphic - Stroke","hd":false},{"ty":"fl","c":{"a":0,"k":[0.411764705882,0,1,1],"ix":4},"o":{"a":0,"k":100,"ix":5},"r":1,"bm":0,"nm":"Fill 1","mn":"ADBE Vector Graphic - Fill","hd":false},{"ty":"tr","p":{"a":0,"k":[-26,-13],"ix":2},"a":{"a":0,"k":[0,0],"ix":1},"s":{"a":0,"k":[35.768,55.037],"ix":3},"r":{"a":0,"k":0,"ix":6},"o":{"a":0,"k":100,"ix":7},"sk":{"a":0,"k":0,"ix":4},"sa":{"a":0,"k":0,"ix":5},"nm":"Transform"}],"nm":"Ellipse 2","np":3,"cix":2,"bm":0,"ix":1,"mn":"ADBE Vector Group","hd":false}],"ip":0,"op":778,"st":0,"bm":0},{"ddd":0,"ind":4,"ty":4,"nm":"Shape Layer 5","sr":1,"ks":{"o":{"a":1,"k":[{"i":{"x":[0.667],"y":[1]},"o":{"x":[0.333],"y":[0]},"t":0,"s":[0]},{"i":{"x":[0.667],"y":[1]},"o":{"x":[0.167],"y":[0]},"t":58,"s":[100]},{"i":{"x":[0.667],"y":[1]},"o":{"x":[0.167],"y":[0]},"t":737,"s":[100]},{"t":769,"s":[0]}],"ix":11},"r":{"a":0,"k":0,"ix":10},"p":{"a":0,"k":[540.558,541.116,0],"ix":2,"l":2},"a":{"a":0,"k":[-24,-9,0],"ix":1,"l":2},"s":{"a":1,"k":[{"i":{"x":[0.667,0.667,0.667],"y":[1,1,1]},"o":{"x":[0.333,0.333,0.333],"y":[0,0,0]},"t":0,"s":[27,27,100]},{"i":{"x":[0.675,0.675,0.667],"y":[1,1,0.991]},"o":{"x":[0.333,0.333,0.333],"y":[0,0,0]},"t":40,"s":[59,59,100]},{"i":{"x":[0.828,0.828,0.667],"y":[1,1,0.994]},"o":{"x":[0.739,0.739,0.333],"y":[0,0,0.004]},"t":88,"s":[59,59,100]},{"i":{"x":[0.678,0.678,0.667],"y":[1,1,0.991]},"o":{"x":[0.241,0.241,0.333],"y":[0,0,0.006]},"t":108,"s":[69,69,100]},{"i":{"x":[0.675,0.675,0.667],"y":[1,1,1]},"o":{"x":[0.347,0.347,0.333],"y":[0,0,0.056]},"t":128,"s":[59,59,100]},{"i":{"x":[0.828,0.828,0.667],"y":[1,1,1]},"o":{"x":[0.739,0.739,0.333],"y":[0,0,0]},"t":255,"s":[59,59,100]},{"i":{"x":[0.678,0.678,0.667],"y":[1,1,1]},"o":{"x":[0.241,0.241,0.333],"y":[0,0,0]},"t":275,"s":[69,69,100]},{"i":{"x":[0.675,0.675,0.667],"y":[1,1,1]},"o":{"x":[0.347,0.347,0.333],"y":[0,0,0]},"t":295,"s":[59,59,100]},{"i":{"x":[0.828,0.828,0.667],"y":[1,1,1]},"o":{"x":[0.739,0.739,0.333],"y":[0,0,0]},"t":458,"s":[59,59,100]},{"i":{"x":[0.678,0.678,0.667],"y":[1,1,1]},"o":{"x":[0.241,0.241,0.333],"y":[0,0,0]},"t":478,"s":[69,69,100]},{"i":{"x":[0.675,0.675,0.667],"y":[1,1,1]},"o":{"x":[0.347,0.347,0.333],"y":[0,0,0]},"t":498,"s":[59,59,100]},{"i":{"x":[0.828,0.828,0.667],"y":[1,1,1]},"o":{"x":[0.739,0.739,0.333],"y":[0,0,0]},"t":625,"s":[59,59,100]},{"i":{"x":[0.678,0.678,0.667],"y":[1,1,1]},"o":{"x":[0.241,0.241,0.333],"y":[0,0,0]},"t":645,"s":[69,69,100]},{"i":{"x":[0.667,0.667,0.667],"y":[1,1,1]},"o":{"x":[0.347,0.347,0.333],"y":[0,0,0]},"t":665,"s":[59,59,100]},{"i":{"x":[0.667,0.667,0.667],"y":[1,1,1]},"o":{"x":[0.167,0.167,0.167],"y":[0,0,0]},"t":718.379,"s":[59,59,100]},{"t":769,"s":[27,27,100]}],"ix":6,"l":2}},"ao":0,"shapes":[{"ty":"gr","it":[{"d":1,"ty":"el","s":{"a":0,"k":[516,338],"ix":2},"p":{"a":0,"k":[0,0],"ix":3},"nm":"Ellipse Path 1","mn":"ADBE Vector Shape - Ellipse","hd":false},{"ty":"st","c":{"a":0,"k":[1,1,1,1],"ix":3},"o":{"a":0,"k":100,"ix":4},"w":{"a":0,"k":0,"ix":5},"lc":1,"lj":1,"ml":4,"bm":0,"nm":"Stroke 1","mn":"ADBE Vector Graphic - Stroke","hd":false},{"ty":"fl","c":{"a":0,"k":[0.411764705882,0,1,1],"ix":4},"o":{"a":0,"k":100,"ix":5},"r":1,"bm":0,"nm":"Fill 1","mn":"ADBE Vector Graphic - Fill","hd":false},{"ty":"tr","p":{"a":0,"k":[-26,-13],"ix":2},"a":{"a":0,"k":[0,0],"ix":1},"s":{"a":0,"k":[35.768,55.037],"ix":3},"r":{"a":0,"k":0,"ix":6},"o":{"a":0,"k":100,"ix":7},"sk":{"a":0,"k":0,"ix":4},"sa":{"a":0,"k":0,"ix":5},"nm":"Transform"}],"nm":"Ellipse 2","np":3,"cix":2,"bm":0,"ix":1,"mn":"ADBE Vector Group","hd":false}],"ip":0,"op":778,"st":0,"bm":0},{"ddd":0,"ind":5,"ty":4,"nm":"Shape Layer 6","sr":1,"ks":{"o":{"a":1,"k":[{"i":{"x":[0.667],"y":[1]},"o":{"x":[0.333],"y":[0]},"t":45,"s":[0]},{"i":{"x":[0.613],"y":[1]},"o":{"x":[0.277],"y":[0]},"t":64,"s":[50]},{"i":{"x":[0.645],"y":[1]},"o":{"x":[0.311],"y":[0]},"t":108,"s":[100]},{"i":{"x":[0.656],"y":[1]},"o":{"x":[0.322],"y":[0]},"t":145,"s":[50]},{"i":{"x":[0.616],"y":[-9.943]},"o":{"x":[0.27],"y":[0]},"t":194,"s":[0]},{"i":{"x":[0.662],"y":[1]},"o":{"x":[0.328],"y":[0.039]},"t":251,"s":[0]},{"i":{"x":[0.645],"y":[1]},"o":{"x":[0.311],"y":[0]},"t":263,"s":[50]},{"i":{"x":[0.656],"y":[1]},"o":{"x":[0.322],"y":[0]},"t":300,"s":[50]},{"i":{"x":[0.616],"y":[-20.311]},"o":{"x":[0.263],"y":[0]},"t":349,"s":[0]},{"i":{"x":[0.662],"y":[1]},"o":{"x":[0.328],"y":[0.039]},"t":460,"s":[0]},{"i":{"x":[0.645],"y":[1]},"o":{"x":[0.311],"y":[0]},"t":472,"s":[50]},{"i":{"x":[0.656],"y":[1]},"o":{"x":[0.322],"y":[0]},"t":509,"s":[50]},{"i":{"x":[0.616],"y":[-11.479]},"o":{"x":[0.263],"y":[0]},"t":558,"s":[0]},{"i":{"x":[0.662],"y":[1]},"o":{"x":[0.328],"y":[0.039]},"t":623,"s":[0]},{"i":{"x":[0.645],"y":[1]},"o":{"x":[0.311],"y":[0]},"t":635,"s":[50]},{"i":{"x":[0.656],"y":[1]},"o":{"x":[0.322],"y":[0]},"t":672,"s":[50]},{"i":{"x":[0.667],"y":[1]},"o":{"x":[0.263],"y":[0]},"t":721,"s":[0]},{"t":769,"s":[0]}],"ix":11},"r":{"a":0,"k":0,"ix":10},"p":{"a":0,"k":[540.558,541.116,0],"ix":2,"l":2},"a":{"a":0,"k":[-24,-9,0],"ix":1,"l":2},"s":{"a":1,"k":[{"i":{"x":[0.314,0.314,0.667],"y":[1,1,0.722]},"o":{"x":[0.333,0.333,0.333],"y":[0,0,0]},"t":0,"s":[27,27,100]},{"i":{"x":[0,0,0.667],"y":[1,1,0.495]},"o":{"x":[0.333,0.333,0.333],"y":[0,0,0.416]},"t":93,"s":[27,27,100]},{"i":{"x":[0.314,0.314,0.667],"y":[1,1,1]},"o":{"x":[0.333,0.333,0.333],"y":[0,0,0.058]},"t":232,"s":[354,354,100]},{"i":{"x":[0.682,0.682,0.667],"y":[0.338,0.338,1]},"o":{"x":[0.349,0.349,0.333],"y":[0,0,0]},"t":248,"s":[27,27,100]},{"i":{"x":[0.001,0.001,0.667],"y":[1,1,1]},"o":{"x":[0.304,0.304,0.333],"y":[0.043,0.043,0]},"t":251,"s":[27.493,27.493,100]},{"i":{"x":[0.314,0.314,0.667],"y":[1,1,1]},"o":{"x":[0.333,0.333,0.333],"y":[0,0,0]},"t":387,"s":[354,354,100]},{"i":{"x":[0.682,0.682,0.667],"y":[0.338,0.338,1]},"o":{"x":[0.349,0.349,0.333],"y":[0,0,0]},"t":457,"s":[27,27,100]},{"i":{"x":[0.001,0.001,0.667],"y":[1,1,1]},"o":{"x":[0.304,0.304,0.333],"y":[0.043,0.043,0]},"t":460,"s":[27.493,27.493,100]},{"i":{"x":[0.314,0.314,0.667],"y":[1,1,1]},"o":{"x":[0.333,0.333,0.333],"y":[0,0,0]},"t":596,"s":[354,354,100]},{"i":{"x":[0.682,0.682,0.667],"y":[0.338,0.338,1]},"o":{"x":[0.349,0.349,0.333],"y":[0,0,0]},"t":620,"s":[27,27,100]},{"i":{"x":[0.001,0.001,0.667],"y":[1,1,1]},"o":{"x":[0.304,0.304,0.333],"y":[0.043,0.043,0]},"t":623,"s":[27.493,27.493,100]},{"i":{"x":[0.667,0.667,0.667],"y":[1,1,1]},"o":{"x":[0.333,0.333,0.333],"y":[0,0,0]},"t":759,"s":[354,354,100]},{"t":769,"s":[27,27,100]}],"ix":6,"l":2}},"ao":0,"shapes":[{"ty":"gr","it":[{"d":1,"ty":"el","s":{"a":0,"k":[516,338],"ix":2},"p":{"a":0,"k":[0,0],"ix":3},"nm":"Ellipse Path 1","mn":"ADBE Vector Shape - Ellipse","hd":false},{"ty":"st","c":{"a":0,"k":[1,1,1,1],"ix":3},"o":{"a":0,"k":100,"ix":4},"w":{"a":0,"k":3,"ix":5},"lc":1,"lj":1,"ml":4,"bm":0,"nm":"Stroke 1","mn":"ADBE Vector Graphic - Stroke","hd":false},{"ty":"fl","c":{"a":0,"k":[1,1,1,1],"ix":4},"o":{"a":0,"k":0,"ix":5},"r":1,"bm":0,"nm":"Fill 1","mn":"ADBE Vector Graphic - Fill","hd":false},{"ty":"tr","p":{"a":0,"k":[-26,-13],"ix":2},"a":{"a":0,"k":[0,0],"ix":1},"s":{"a":0,"k":[35.768,55.037],"ix":3},"r":{"a":0,"k":0,"ix":6},"o":{"a":0,"k":100,"ix":7},"sk":{"a":0,"k":0,"ix":4},"sa":{"a":0,"k":0,"ix":5},"nm":"Transform"}],"nm":"Ellipse 2","np":3,"cix":2,"bm":0,"ix":1,"mn":"ADBE Vector Group","hd":false}],"ip":0,"op":778,"st":0,"bm":0},{"ddd":0,"ind":6,"ty":4,"nm":"Shape Layer 1","sr":1,"ks":{"o":{"a":1,"k":[{"i":{"x":[0.667],"y":[1]},"o":{"x":[0.333],"y":[0]},"t":39,"s":[0]},{"i":{"x":[0.613],"y":[1]},"o":{"x":[0.277],"y":[0]},"t":58,"s":[50]},{"i":{"x":[0.645],"y":[1]},"o":{"x":[0.311],"y":[0]},"t":102,"s":[50]},{"i":{"x":[0.656],"y":[1]},"o":{"x":[0.322],"y":[0]},"t":139,"s":[50]},{"i":{"x":[0.616],"y":[-9.943]},"o":{"x":[0.27],"y":[0]},"t":188,"s":[0]},{"i":{"x":[0.662],"y":[1]},"o":{"x":[0.328],"y":[0.039]},"t":245,"s":[0]},{"i":{"x":[0.645],"y":[1]},"o":{"x":[0.311],"y":[0]},"t":257,"s":[50]},{"i":{"x":[0.656],"y":[1]},"o":{"x":[0.322],"y":[0]},"t":294,"s":[50]},{"i":{"x":[0.616],"y":[-20.311]},"o":{"x":[0.263],"y":[0]},"t":343,"s":[0]},{"i":{"x":[0.662],"y":[1]},"o":{"x":[0.328],"y":[0.039]},"t":454,"s":[0]},{"i":{"x":[0.645],"y":[1]},"o":{"x":[0.311],"y":[0]},"t":466,"s":[50]},{"i":{"x":[0.656],"y":[1]},"o":{"x":[0.322],"y":[0]},"t":503,"s":[50]},{"i":{"x":[0.616],"y":[-11.479]},"o":{"x":[0.263],"y":[0]},"t":552,"s":[0]},{"i":{"x":[0.662],"y":[1]},"o":{"x":[0.328],"y":[0.039]},"t":617,"s":[0]},{"i":{"x":[0.645],"y":[1]},"o":{"x":[0.311],"y":[0]},"t":629,"s":[50]},{"i":{"x":[0.656],"y":[1]},"o":{"x":[0.322],"y":[0]},"t":666,"s":[50]},{"i":{"x":[0.667],"y":[1]},"o":{"x":[0.263],"y":[0]},"t":715,"s":[0]},{"t":769,"s":[0]}],"ix":11},"r":{"a":0,"k":0,"ix":10},"p":{"a":0,"k":[540.558,541.116,0],"ix":2,"l":2},"a":{"a":0,"k":[-24,-9,0],"ix":1,"l":2},"s":{"a":1,"k":[{"i":{"x":[0.314,0.314,0.667],"y":[1,1,0.74]},"o":{"x":[0.333,0.333,0.333],"y":[0,0,0]},"t":0,"s":[27,27,100]},{"i":{"x":[0,0,0.667],"y":[1,1,0.495]},"o":{"x":[0.333,0.333,0.333],"y":[0,0,0.416]},"t":87,"s":[27,27,100]},{"i":{"x":[0.314,0.314,0.667],"y":[1,1,1]},"o":{"x":[0.333,0.333,0.333],"y":[0,0,0.058]},"t":226,"s":[354,354,100]},{"i":{"x":[0.682,0.682,0.667],"y":[0.338,0.338,1]},"o":{"x":[0.349,0.349,0.333],"y":[0,0,0]},"t":242,"s":[27,27,100]},{"i":{"x":[0.001,0.001,0.667],"y":[1,1,1]},"o":{"x":[0.304,0.304,0.333],"y":[0.043,0.043,0]},"t":245,"s":[27.493,27.493,100]},{"i":{"x":[0.314,0.314,0.667],"y":[1,1,1]},"o":{"x":[0.333,0.333,0.333],"y":[0,0,0]},"t":381,"s":[354,354,100]},{"i":{"x":[0.682,0.682,0.667],"y":[0.338,0.338,1]},"o":{"x":[0.349,0.349,0.333],"y":[0,0,0]},"t":451,"s":[27,27,100]},{"i":{"x":[0.001,0.001,0.667],"y":[1,1,1]},"o":{"x":[0.304,0.304,0.333],"y":[0.043,0.043,0]},"t":454,"s":[27.493,27.493,100]},{"i":{"x":[0.314,0.314,0.667],"y":[1,1,1]},"o":{"x":[0.333,0.333,0.333],"y":[0,0,0]},"t":590,"s":[354,354,100]},{"i":{"x":[0.682,0.682,0.667],"y":[0.338,0.338,1]},"o":{"x":[0.349,0.349,0.333],"y":[0,0,0]},"t":614,"s":[27,27,100]},{"i":{"x":[0.001,0.001,0.667],"y":[1,1,1]},"o":{"x":[0.304,0.304,0.333],"y":[0.043,0.043,0]},"t":617,"s":[27.493,27.493,100]},{"i":{"x":[0.667,0.667,0.667],"y":[1,1,1]},"o":{"x":[0.333,0.333,0.333],"y":[0,0,0]},"t":753,"s":[354,354,100]},{"t":769,"s":[27,27,100]}],"ix":6,"l":2}},"ao":0,"shapes":[{"ty":"gr","it":[{"d":1,"ty":"el","s":{"a":0,"k":[516,338],"ix":2},"p":{"a":0,"k":[0,0],"ix":3},"nm":"Ellipse Path 1","mn":"ADBE Vector Shape - Ellipse","hd":false},{"ty":"st","c":{"a":0,"k":[1,1,1,1],"ix":3},"o":{"a":0,"k":100,"ix":4},"w":{"a":0,"k":0,"ix":5},"lc":1,"lj":1,"ml":4,"bm":0,"nm":"Stroke 1","mn":"ADBE Vector Graphic - Stroke","hd":false},{"ty":"fl","c":{"a":0,"k":[1,1,1,1],"ix":4},"o":{"a":0,"k":100,"ix":5},"r":1,"bm":0,"nm":"Fill 1","mn":"ADBE Vector Graphic - Fill","hd":false},{"ty":"tr","p":{"a":0,"k":[-26,-13],"ix":2},"a":{"a":0,"k":[0,0],"ix":1},"s":{"a":0,"k":[35.768,55.037],"ix":3},"r":{"a":0,"k":0,"ix":6},"o":{"a":0,"k":100,"ix":7},"sk":{"a":0,"k":0,"ix":4},"sa":{"a":0,"k":0,"ix":5},"nm":"Transform"}],"nm":"Ellipse 2","np":3,"cix":2,"bm":0,"ix":1,"mn":"ADBE Vector Group","hd":false}],"ip":0,"op":778,"st":0,"bm":0}],"markers":[]}